{"cameraMode":{"drawMode":0,"name":"Shaded","section":"Shading Mode"},"sceneLighting":false,"audioPlay":false,"sceneViewState":{"m_AlwaysRefresh":false,"showFog":false,"showSkybox":false,"showFlares":false,"showImageEffects":false,"showParticleSystems":false,"showVisualEffectGraphs":true,"m_FxEnabled":true},"in2DMode":false,"pivot":{"x":0.006544530391693115,"y":0.7672793865203857,"z":0.1927858591079712},"rotation":{"x":0.028117254376411439,"y":0.9572983384132385,"z":-0.26990336179733279,"w":0.09972689300775528},"size":1.2157155275344849,"orthographic":false}